scaled_amount,scaled_time,V1,V2,V3,V4,V5,V6,V7,V8,V9,V10,V11,V12,V13,V14,V15,V16,V17,V18,V19,V20,V21,V22,V23,V24,V25,V26,V27,V28
-0.2652714967001885,-1.1145508301120375,1.41062107723745,-0.948723590383804,-0.609912810611922,-1.80016542840287,1.01292681660672,3.53476169031976,-1.58650723467318,0.927407101383924,-0.544495438488073,0.661376511806376,-0.0767644287658754,-0.760606156710323,0.35749314099762,-0.323051888586926,1.29352934300501,1.80234751147492,-0.448464053745779,-0.417763426997162,0.591506897159277,0.240771708795712,0.335303903375662,0.754291862021382,-0.147861713144148,1.04974172052176,0.585941063622663,-0.0354228694534909,0.0385692380116102,0.0210330307744493
-0.349271287634825,0.3567873588107379,2.11524797069842,0.183886101291388,-1.91952213680503,0.284040514015671,0.727749910474936,-0.557465135833445,0.208024699144789,-0.230887950766732,0.453077041604939,-0.392210046022737,-0.966750521890933,0.242006739216945,0.676967064549198,-0.980222500370824,0.188178458443202,0.450889511275793,0.245887506474043,-0.193625229228718,0.254920319271387,-0.106731095280392,-0.394953774073594,-1.00218221436834,0.266946654915044,0.0040758438415762,-0.167628930497642,0.203779657911572,-0.0598826672206708,-0.0349987900457468
1.0251108223932868,1.2420203565628187,1.38484206714136,-1.31122636201351,-1.35717592146421,0.546165850719005,-0.655028195977657,-0.958510509731734,0.478716871798073,-0.362542390740946,1.06429903422811,-0.36479626405376,-0.947857703131114,0.561467631645485,-0.110597642668235,0.188072190858444,-0.235149059861314,-0.468704548816826,-0.0818827569411067,-0.58187150562389,0.2424105166829,0.443158794922274,0.0397528041487271,-0.397916496716193,-0.0819082505137807,0.0764021048937501,-0.193019980018541,-0.127309340835441,-0.0890434228671088,0.0033140095972631
-0.35015086659749134,1.2147292874090365,2.10890144050219,0.0377425310227748,-2.18995041624318,-0.128527233124628,0.621509524383066,-1.2545221690022,0.649914003734188,-0.395686161855277,0.0552939713726417,0.201815037280596,0.731336043399063,0.542277162112178,-0.729951408968538,1.11609539527882,-0.193228810356525,-0.385382494176372,-0.530219218693124,0.0356047010515545,0.450370201562999,-0.273993008703986,0.175534175325858,0.607217569449272,-0.078477261745822,-0.352516989261741,0.418290482961968,0.24869407681827,-0.0903902766539831,-0.09463314795639
-0.35007090487361253,0.6901764073004601,2.02476470567395,-0.170532670087763,-1.28509354656798,0.291068236753294,-0.181179275838762,-1.14072983843301,0.0376967200352422,-0.165875411625728,0.596125037008751,0.235970343107964,0.788373403819632,0.0852524308934444,-1.78788217458773,1.03841686809843,0.225390822108894,0.034654778611772,-0.619651582599703,0.614762666469842,0.0347289491679489,-0.351641647055231,0.282283350394374,0.862400512309616,0.0207033509908504,0.0667981627541764,0.16669568612581,-0.127926385224844,-0.0345942383053534,-0.0717716362052755
-0.3194055837661085,-1.2260735941849006,-2.66521796254248,1.9164103852604,0.762844204031013,0.120042352695175,-1.70467436971835,-0.0534043661146675,-1.33538888536023,1.89371522333911,-0.0038657455558068,-0.982830501169103,-1.90361927858018,0.509592698379823,0.2346844407953,0.568159993877079,-0.005545708131618,0.634068983682401,0.346634042196117,0.245192797383346,0.34100903259897,-0.197212850953923,0.0438680355035927,-0.178694784365389,-0.0934307296572148,-0.115553005495724,0.421130784983461,0.387867998923984,-0.350559865436361,-0.104274420913093
-0.3172865980833214,-0.3161817677452589,-0.831590609345818,0.658002038568827,1.81225128706347,-0.444235390327273,0.595328281188539,-0.453604905616547,0.689671634125943,-0.0522211503556078,-0.510251644419996,-0.503296134754281,1.85183880560514,0.396781224781457,-0.620852140236231,-0.347802732630993,0.208328390963322,0.421931948896472,-0.186525026267403,-0.206287922727398,-0.814267182107382,-0.0882794093182982,-0.206534819293655,-0.613813013672574,-0.140048252098348,0.158657762608914,0.102300784467373,-0.0150208790751745,-0.352747542011322,-0.237241372785405
-0.3424745411051305,-1.5487441594961697,1.19541952883307,0.317044671701308,0.762101682977317,0.852662380803083,-0.383451690076905,-0.663520918564365,-0.103558597087814,-0.16611314658036,1.31071360951866,-0.47995929347881,1.23731556196571,-1.96894408336261,1.83227105564492,1.7311987200122,0.527564148568873,-0.1119097596104,0.709068824897644,-0.818657245238473,-0.803611535515084,-0.179979290931959,-0.358824485788948,-0.760327434735119,0.217900332772439,0.33273352826828,0.0760388785721792,0.0655002634360636,-0.0393468147784329,0.0125648488006356
-0.19018743797803372,1.0090776042641003,-0.344934957701343,1.38574154550769,0.686680077429267,1.03508268689734,0.256867917151196,-0.460239235886324,0.963754553565304,-0.294084876037932,-0.565671300795444,-1.03479865902702,-0.0698010524465806,0.318884984424934,1.20770794591366,-1.79628842657188,1.14804235088116,-1.17102905220709,2.17528298117162,0.414695957387638,2.94310325445196,0.385025530922929,-0.211718564687857,-0.288453971392544,-0.367644486719771,-0.0073582541290036,0.396272097573833,0.465706971919988,-0.0020339817252245,0.0971455291420436
-0.3132885118893834,1.3649143994497577,-0.442183600480494,1.19340422717601,-0.0809992262611841,-0.66068526710953,0.293446088169729,-1.07348077083833,0.873599018682726,-0.0043391244996338,0.0808888012796636,-0.126268216095451,-1.02890253371419,0.3661066497219,0.443299606869274,0.0677779127424998,-0.423631758289878,-0.0456305380192757,-0.427848380292331,-0.751590866296178,-0.0618531713680332,0.0751495949260597,-0.307539345070275,-0.578329967148116,0.0605796735044834,-0.10980198839246,-0.411243432628083,0.124767698395861,0.0775208761549152,-0.142014840313197
-0.3132885118893834,-1.3110002005870638,-2.00276383951521,-1.84599870555229,2.00717762226282,0.841163531810542,2.12118680330209,-1.50603665965173,-1.40739724795,0.344369763727984,0.61473675735075,-0.551547791125291,-1.46024470332771,0.575332270116525,0.678183376399548,-0.521087143140934,-0.497067364326262,0.273043653900792,-0.701609566581277,0.205747261446056,-0.563016723655343,0.489042774936203,0.2604734940021,0.237590271651978,0.391034926935483,-0.123446721579944,-0.494623191556908,-0.652649790042218,0.153518787017587,0.251194529349381
-0.3132885118893834,-0.2622945409207769,-0.669392368530392,0.850076100036821,1.17381310543452,0.394265507803527,-0.634404704681104,0.0278153203280861,-0.250483134689096,0.586047681255208,-2.13337479274117,0.794456674058209,1.27043879422026,0.674097247255779,0.546514249988334,0.618901607480367,0.550672681483466,-1.90033489537376,0.399131896319487,1.55210830706977,-0.305031851332906,-0.330410626650951,-0.0776952947482725,0.297674431070567,-0.0158344397489076,0.196319632834735,-0.336721235892785,-0.198169044013432,0.330448611032372,0.14299935603914
2.0776070129474533,-0.7275061919588607,0.0289657611258062,-1.6103248048456,-0.515505560982622,1.80641697378099,-0.569680030526741,-0.1691987786463,1.04419279391386,-0.25789109510801,-0.0313733371153582,-0.332167190359372,-0.399496855242512,0.458190092238948,0.0264531981710265,0.401058156409877,0.310223355829816,-0.592267708652374,0.180120666391063,-0.771926807096148,-0.681415725690321,1.03663787097627,0.359564092641891,-0.138400905486296,-0.650847777483038,0.135615417709692,0.546972217305826,-0.296211947008967,-0.0881312184214631,0.115863413903204
-0.04689602878729738,0.9945897527380185,1.81049339049965,-0.636042879684838,-0.0841708424324862,0.43722516271951,-0.697384892797509,0.191681424500821,-0.770044142625369,0.13322551936607,0.884718772626483,0.122571299087452,0.699976754730299,1.54429509490266,1.32434655026114,-0.308631272300196,-0.0016093999923683,0.83804725724305,-1.06781171788293,0.456469792432427,-0.0475878182740334,0.0347409867365128,0.104638819289161,0.330124051073931,0.190329580787225,-0.424492334631239,-0.518729959716764,0.161246633453943,0.0011495385204378,-0.0342157412550489
0.8738232408146746,-0.9654607301052642,-1.21546010244659,-0.710552218480069,-0.472546858033842,1.06899935385485,-0.0133060072770609,0.592786264637547,0.63585211952857,0.610528274482443,-0.875722763649593,-0.189811839559701,0.0480985889564851,-0.671256558194661,-1.61026534373017,1.36087119948944,1.31801195268506,-0.181158264043853,0.173980534962362,0.725846394210505,1.88731548713599,0.793746103959443,0.332055478710755,0.0184704759400536,0.588352341206723,-1.18485590336059,-0.350083464682598,0.58503923939923,-0.136267614288713,-0.111054905185421
-0.34475345023567505,0.2530770844416196,-2.55340169050982,-1.36280676938632,2.0127474002406,0.251624835890228,1.3996838679737,-0.585919570861977,0.0470216379594579,-0.232589256768362,1.6495236202725,-0.59093645137372,1.7011826474817,-2.14801744749469,1.51343814784454,1.30053531326519,0.146983645045285,0.156100113938086,-0.156461256416233,1.14799824853841,1.2053940996803,-0.839496856336736,-0.589949074454895,-0.172591047601664,1.33264777021159,-0.451072397063355,0.711876909309507,-0.648279690932754,0.148968392120343,-0.475403455714524
-0.0973518765547944,-0.4430768161408543,1.33028689701149,-0.385510957258575,0.0732514997053092,-0.639014438487363,-0.743052980563196,-1.27271174051839,-0.0101260602507564,-0.399612087235484,-1.22337343997795,0.581757335116438,0.0229362502168991,-0.0046223860871845,1.07230298773142,-0.112227572424338,0.415157896248003,0.894694802436553,0.314223783675981,-2.02479786451823,0.772788378940356,0.229631904922197,-0.161684053531561,-0.675618661968723,0.0720827140583381,0.382508780458272,0.359770139680891,-0.538265367145741,-0.0198144604949325,0.0252982570131878
0.06501040378102597,1.3538379315678986,-1.59997247643084,-0.0620063940031329,-2.06161452802432,-0.932017587192768,-0.111651541207683,-1.97213089709389,0.67645004072742,0.194297140188847,0.207791752413846,-0.850581505593777,-1.4551085162818,-0.613105789655226,-1.97429996915651,1.470874971511,0.031170310743043,-0.687814648061491,0.51823107547807,-0.317569466359633,0.888615574122549,-0.696353440764279,0.240038222247242,0.506010666110216,-0.604142921555792,0.164844496193155,-0.446569088544989,0.785375473939911,-0.419646221252478,-0.306508083063862
-0.34391385213494813,1.0219018798155304,-0.843609579743339,1.60055648900498,-2.09771918289706,-1.37313377387628,1.1352862669987,-0.402981137009851,0.706976598141721,0.730833068047994,-0.453567892327895,-0.491202525595003,-0.718611443239134,0.421291377324444,-0.47698497940521,1.29385353153178,-1.35039325313648,-0.116912035802423,-0.533448386043858,0.498406293905932,0.68753747264134,-0.139731355323871,0.249034658226573,0.740880971753588,-0.236389890093601,-0.302462421750397,-0.13071397343593,0.12519002269533,0.258164682444012,0.197524397779029
-0.30529233950150747,1.3715476454246354,0.123693025852835,0.955249602549676,-0.57943772185961,-0.75634076132245,1.15005085506848,-0.245960124264981,0.896242172440783,0.0618341526812619,-0.278234015458464,-0.672542800266861,0.611983941044482,0.412546770113642,-0.0199719039366223,-0.842302397059931,-0.90504886833007,0.658987962244447,-0.0438040957325054,0.428465302522853,0.224069360529924,0.0608019286719441,-0.314316195249344,-0.805080438380019,0.0487664177739203,0.0890084163191577,-0.38978125986348,0.121733460530555,0.214950614180337,0.0702324304720053
-0.28126384147594036,0.4711108267396605,1.94810140141498,-0.429161095451368,-0.404592338392566,0.372326437536452,-0.530825387847341,-0.135925532484988,-0.665652476870226,0.0928135132936838,0.7995647814073,0.258146162182169,0.619048539475001,0.824206916164956,0.0990117774481278,0.131318779162212,0.226724691617884,0.750320720611008,-0.987992007110419,0.646677005197532,-0.133850201231045,-0.164781505820966,0.231312397099009,0.761139513529184,0.123760145629346,-0.35946889521091,-0.293981086604289,0.361347520668918,-0.0164129165388071,-0.0560585068751253
-0.1933859069331841,1.508761076447818,2.07961719418751,-0.125282644441159,-2.368670391876,0.0053518284418524,0.861927931557436,-0.701154411261359,0.628046610662723,-0.360820104239721,-0.0086270121033471,0.310420165957328,-0.0407874321379879,0.585144178412032,-0.0756668666926477,0.731523256700527,-0.948319555585024,-0.145591860958724,-0.690143818699389,0.0316275582794838,0.823720976965367,-0.121454376343867,0.10168082986877,0.386197021341987,-0.196912697249859,-0.945128948487539,0.443492904266887,0.867298034010152,-0.134290282751203,-0.10075603676429
-0.3492313067728856,0.6064711604746235,1.98202006072951,-0.26048580131784,-0.682869841836963,0.918847217987597,0.0585218575711171,0.695807752758842,-0.729014149910251,0.304077510045506,0.820543932588207,0.407611711055497,-0.0559132864890261,0.18443196587673,-0.691971086683043,0.31604548548671,0.320669410481199,0.896486928487955,-1.24571651290461,1.15226183949287,-0.22682075250532,-0.256323463894615,0.211060306325132,0.670919699808718,0.0854914989895951,-0.155768549499236,-0.0375376675928502,-0.557632904492561,0.0455880753988984,-0.0442564907860255
0.046579226426972,1.1889122729163382,-0.745667575404827,0.298786463499861,1.05309956429798,-0.704136132207333,0.260491526780852,-0.648307749324123,0.785061184525369,-0.317657886799977,0.682530552954195,-1.23460928051445,-0.785668225986789,-0.427289249092515,-0.109133599876073,-1.70388466458607,0.500500504033642,0.507586178305947,0.179801919258995,0.946794480702283,-0.440838811332003,-0.0679921716948789,0.197526440142745,0.908972153607282,-0.409578818006078,-0.148968844719994,-0.0822918684066661,0.15399204851129,-0.0566558327194432,-0.0963730497857595
-0.34967109625421877,1.1124088360060829,-0.113149553150696,0.846017100395433,0.250171648038993,-0.583293439612211,0.382069845240178,-1.16041715135232,0.956086515698071,-0.216299385131146,0.0983811230661098,-0.283471362234866,-0.991571444422936,-0.111721521205193,-0.46113949758103,0.170119964837346,-0.341688712407902,-0.0847642129810919,-0.386272176286958,-0.699516434481025,-0.0759407921305481,-0.0948003498110243,-0.251930898728219,-0.603867934245208,0.130411947578128,0.0246592853589398,-0.506174891107344,0.128558212994747,0.114873675344235,0.0881035160497975
-0.055891722723657784,-1.0111774825225954,1.12925924302889,-0.839717723965244,0.528646057388262,-2.05667175902452,-1.16660001195291,-0.540441109906264,-0.590875732312823,0.0039704783557941,2.09635644408903,-1.51385940882313,1.22422925688816,2.02164722250168,0.89033776286509,-0.142775445063078,0.897239558382657,-0.605469819636752,-0.428282375951875,0.921976622537294,1.39708358222527,0.123654000722746,0.228993003578752,0.83736572151641,-0.284946829887622,0.0925872874974046,0.699060079062597,-0.647636986913258,0.093779259546798,0.0322003464861521
-0.28690114300939284,0.4952642652577069,-0.085401476604044,0.50522071907189,1.55300269361136,1.16573452207878,-0.387489878544261,0.431914000992081,-0.654120070543885,0.383430981600933,-0.0711280025618731,-0.238103081161635,0.8548914937695,-0.517642650171119,-0.595800459257426,-1.02315530138412,2.28706676634624,0.644198939637867,0.661087479801748,2.30037704905275,2.2807999713777,0.334817789234412,0.306068918754501,0.917935300904531,-0.119760524706395,-0.479463921510857,-0.926271126629666,0.740056656824564,0.231171309779309,0.204922590504922
-0.017390152676035286,-0.5691506055109886,1.05926460519567,-0.71068016920771,0.88545164274089,0.532215460344365,-1.20524362651917,0.104332092090034,-0.815377747690843,0.236101191258158,-0.89333079202351,0.962666992118262,1.24033437689026,0.117556931760806,-0.844156844342552,0.439617730271779,0.736247369131049,-1.14103893193299,-0.188870368493645,1.67143814496063,-1.54900741638582,-0.474167439511275,-0.118832298829445,-0.0605871033736171,0.0032836823626836,0.152222183491817,0.192019365986387,-0.303721765392909,0.0608106368462518,0.0368296037530449
-0.23828441489110733,-0.7572820961127559,-2.88456374435617,-1.55704839473679,2.43032900248127,0.290441756395167,0.529127454837733,-0.934291290601726,-0.069657744083185,0.0234224205891969,0.609754927748884,-0.664325751198183,-0.91352388684088,-0.0032891886196746,-0.1657083750658,-0.693735249537781,-0.157907733794046,0.461922224938757,-0.484334439920916,-0.117701842654492,-0.277739861103413,-1.01521494199347,-0.357640865372368,0.183055300372285,1.41814172803132,0.396280714002908,0.705733472282737,0.312840491575615,0.27582130995716,-0.24455330958689
0.6782768450691691,1.630749628614377,1.66242971522242,-1.72243632256753,-2.79286744425531,-1.48274024648154,1.39185360084042,3.49447847651553,-1.21357279016949,0.879691661786451,-0.12341122166362,-0.012672265462022,0.436138925630041,-0.721037243225838,0.0810575145652291,-1.86030163725332,0.777057986126799,1.62110934788604,1.29577381435474,-0.52922281175888,-0.0004083942455307,0.597688781142577,0.382462745047062,0.535929158592459,-0.0677139017747039,0.616343241830788,-0.199969036759357,-0.092702480179267,0.00319371413553,0.0238647766926011
-0.05657139737662724,1.0025496479078717,1.90197475864305,-1.3020404586151,-1.30473823911949,-0.810432468215366,0.0509584841063097,1.65243755962877,-1.05302753014042,0.539212194936565,-0.199246999257091,0.894807385460883,0.388863246164905,-0.0451744048520374,-1.02804533371614,0.413938737996843,0.472970078017453,-1.74380150973092,0.239392007261738,0.555993046576431,-1.36035112671683,-0.591847031298254,-0.260415075368616,-0.300136664737219,0.280815909938882,-0.981526369944713,-0.579649639355158,0.637930771502164,-0.0127492827776839,-0.0639551476723837
-0.349271287634825,-1.0428064839647102,-2.76347935187721,-1.16831767464067,1.25613022832053,0.416323537937462,1.76350745073166,-1.4469495226469,-0.744066760547998,0.0345057228806633,0.0385071951556876,0.659500040734189,1.68177472828189,0.685753677462888,-0.480894467468545,0.321429709704589,0.607296285796816,0.0909958028110968,-0.339054504795896,-0.411006131990331,0.0232044974138754,-0.716362912885016,-0.282980190602767,-0.313846416448396,-0.234741397318347,0.264016856973852,-0.786394370549756,-0.0253411110135466,-0.167690403171096,0.882471305786048
-0.2932581000577542,-1.4030654431336194,1.42302585434486,-0.308032615441742,-0.0689361817731625,-0.576041115241462,-0.825438255542608,-1.59492655411279,-0.0442294624924097,-0.410175434056419,-1.11911225028689,0.696226842413316,-0.0004883927715541,-0.706212515071773,-0.308025028124122,0.208267050493787,0.440046761661229,0.649320260546176,0.54726943210719,-1.66166056247677,0.514613688158122,0.0336304920325837,0.208282797017123,0.512902913492937,-0.120370542399386,0.756981527730513,0.736667477386473,-0.104488512479862,-0.0311448752602604,0.0047687691536848
-0.34967109625421877,0.7058224446316794,2.0464851475385,0.1030690206329,-1.8078455617966,0.220585767215327,0.666096322361995,-0.294153294023357,0.0692820576281306,-0.0513360464248741,0.233817439620904,-0.220823106953369,0.931130174738373,0.824702259584452,0.160764700778327,-0.686864161592188,-0.440138250309023,0.536858616218528,0.160733302343571,0.181868441917243,0.384797566851569,-0.134599921420111,-0.326097158062531,-0.853448848037892,0.295589530999697,0.129814687926931,-0.25781814772679,0.177875309370518,-0.0627147185772655,-0.0441496119319149
0.4863687077601471,0.5913094553891889,1.56754662193069,-1.14968887225451,-0.624210998444832,0.400693698998325,-0.426895812074735,0.825763581080442,-0.524397412252963,0.215327664228901,1.55069961932668,-0.383746059765963,0.0346053755313662,1.72600063721962,0.867817071938409,-0.438768940757389,-1.14148436877167,0.0047644222397819,-0.68685066470529,0.390857402332489,0.774391917176026,0.269299413598956,-0.0736217633681397,-0.335603848540749,0.0625058665222224,0.091900567083163,-0.230543007705284,-0.901383880521523,0.039271982164389,0.000482570035011
-0.32740175615398437,-1.3451140370292916,1.21947341898838,0.046977760404644,0.412114571999507,0.251989294686371,-0.589582063107671,-0.884644320498829,-0.0790983474450599,-0.0858450099129709,-0.0363603245621971,0.058455808025177,1.51808655172899,0.754642244416803,-0.388632104070463,0.545175561641587,0.378124893220136,0.317892383920084,-0.496898268785369,0.183716956613671,0.0973599239124495,-0.103189976916654,0.0958482669489359,0.263557388127638,-0.0527811791777965,0.598047374433583,0.403649412732589,0.632599397819862,-0.0595632864682352,-0.0013598575898993
-0.3492313067728856,0.4368495848313243,2.02132457646908,-0.535640366429752,-0.416145626123066,-0.124309776652044,-0.178831583200417,0.918877529484564,-1.04259932901421,0.318181763759004,1.07218000031505,0.119271201170059,0.0545774967386306,1.06216892065209,1.04024611777502,-0.347978520359078,0.151271992702952,1.09274140533861,-1.27030916066701,0.711504084410979,0.305459649865079,-0.0787275119356816,0.020949753263869,0.209552059551733,0.220896424348299,-0.31193124466169,-0.459092109261193,0.49544844508417,-0.0127249195068583,-0.0517656783869134
-0.14972680569538163,-0.7080276125088233,-0.562301956101705,0.681144173049672,0.349149389634364,-0.636255301603825,0.497157644125811,-0.83607600465322,1.15501504315289,-0.207604746987542,-0.50681373226094,-0.151931853159961,0.797718398104349,0.374144695556224,-0.587792426234989,0.558738251438665,-0.661468115951097,0.517405039356842,-0.962410105770117,-0.125500668420687,-0.115937190200445,-0.33829703047715,-0.179246043221806,-0.593851902623681,0.372544673704164,-0.0236462180556335,-1.19191073502512,-0.230066080839941,-0.0675997795023067,0.194119201341689
-0.12973637472569186,0.5172487376315871,-0.341693308607324,0.662887942347507,-0.964800701073546,0.806606576034491,1.31571208112465,-0.581393227189369,1.36038539356512,-0.157792753362281,-0.780593108959217,0.570533921029489,0.589529294645157,-0.297216979235081,-1.59401346418627,1.21710973797041,-0.164330441813674,-0.629107965218928,-0.335782693468113,0.501157093569653,0.76480037770073,-0.110405246223486,0.280647990408575,1.01053480471324,0.369098582389211,0.66753583860273,-0.75077515741933,-0.55644013365844,0.450685529711637,0.280458767036477
2.3214902707776686,-0.8372390325146933,0.161514184837991,-3.43235377240268,-0.0391326497607638,-0.99581631177937,-2.28545850283382,0.426848224430273,-0.746793500925914,0.109911625311615,-1.5978178399205,1.28939719521568,0.802672184653139,-1.10329563875272,-1.0001103166882,0.135948251296659,0.66679966544622,0.0222802038180866,0.394446947436997,0.878464512326292,-0.617324827021469,0.902284557105157,0.431944744919752,0.103872607611565,-0.6137773332029,-0.305820004876694,0.0143244970837371,-0.0791394106292851,-0.0669219518708823,0.121395427658833
-0.25327723811837466,0.8436465554430255,2.02742444466405,0.323634775608763,-1.84699524199227,1.24453099105337,0.621370855347666,-1.36708171358489,0.852406715166934,-0.525549950291338,-0.181874915544562,0.352134011287381,-0.734191276084561,0.27180631090013,0.0994036859202915,0.776621661374763,0.212838556315511,-0.4586543295702,-0.418448524387438,-0.510481645601931,-0.437429899421756,-0.236121781037936,0.137278225775158,0.484566130609894,-0.0359875651384134,-0.0771869438431967,0.467385075986924,-0.479751424441372,-0.0314463942071654,-0.0606412773670146
-0.3492313067728856,-0.6166362235216205,-1.74869278887487,-0.520975611920122,2.61514541810321,2.07556718591046,-0.635027002869856,0.373754787673561,-1.55993803107485,1.12814196905184,1.12048042414491,-0.585556904823074,-1.3707817453369,0.250972667119729,-1.29914228944244,-0.493440899946085,-0.901239678787161,-1.23368099344678,1.347284166747,-0.27888406773685,0.792908450459591,0.254967488679791,0.159430455310407,0.559255174646717,-0.122501651112156,0.426936937647727,-0.187393487174535,-0.103137486648282,0.386896918116828,-0.0356878421386596
-0.34967109625421877,-0.6284076028865621,-1.64675913713961,1.5058636068871,1.18147916578135,-0.374090093556573,0.724047940202596,-1.01546461927584,1.53016923551221,-0.651070121997722,0.130718223204141,1.18466529195945,1.34624464998655,-0.162883000022862,-1.54088839428118,0.0746270266360757,-0.449886687545709,-0.114641840706908,-0.993894953689145,0.144855635772708,-0.718411220881217,0.0623836387547084,-0.0387174524419195,0.26790700258373,-0.556930302755568,0.511908707226883,0.419026753986277,-0.636115543792923,-1.02784327733505,-0.8309187844503
-0.24196265418953025,1.0869498062167906,2.18143683424552,-0.232704573767879,-2.5088273759826,-0.734644234135823,0.672878451154659,-1.22997893368963,0.658871299954307,-0.531983155549475,0.634965013673767,-0.158557641542803,-1.69099968868576,-0.109021408547132,-0.189698891874024,0.567399366933484,-0.0118952705730087,-0.509771692392494,-0.324381072497469,-0.473727261933988,0.907940024792872,-0.146025902428908,0.0306109611119205,0.258886097780328,-0.171758628523909,-0.893256375869432,0.43539220586507,1.13721731672236,-0.147257349228672,-0.0989845043851029
-0.15024655690059355,-1.2169555132099101,-1.81878138705377,1.8884581606352,-1.38477751053212,-0.961101983685058,0.845271770995476,4.63172701046263,-3.18048982332535,-3.39273488883206,-0.968537079287862,-1.70492028213119,-0.725258962473906,0.590927631583147,-0.227861072771701,1.47970980190932,0.991153167100376,1.41116106579528,-0.469022884502446,0.627072150140242,-0.214818908266231,1.04583965465124,-2.46267905133539,0.504691191627348,0.59066434240067,0.960877434577584,-0.580284780404359,0.0804526830408407,-0.37464868837255,-0.0302493515137183
-0.23548575455535076,-0.4961006680924157,-2.47166952411086,1.06300277722347,1.43139119522604,-0.238780733099397,-0.911776975530459,-0.430210972320249,-0.146567459707671,0.379569362942243,1.07137601269355,0.272948429831393,-0.954264667669141,0.510131431474481,0.352804867947072,-0.671495499070475,-0.385028317517488,0.344075955494761,-0.34378048949634,-0.227906199512637,-0.582007446961508,-0.128554543461114,-0.0611909800158614,0.114536829495785,0.0500973819871762,0.429116573343685,-0.132964066559409,0.108179424875851,-0.273318139440361,0.507679550587461
-0.34719228281397724,0.4176237004660441,-0.892139092499844,1.56772856514237,1.20709448158671,2.61505886430156,0.950313069890815,1.41899236618788,0.331112769685986,0.796433459286304,-1.74958985698912,0.308721024583559,-0.579002017286229,0.626724845354748,0.488097017856991,-0.0798293740005505,-3.04924682080049,0.723018940915842,-0.69592793482256,0.211956924863174,-0.986778346646898,-0.245178245015606,0.215793435477731,0.647367973598704,-0.38580900260616,0.293080239399384,0.347770932277817,0.117755023569025,-0.0205453714647885,0.0582981084720458
-0.33775679939628367,-0.6766723640751954,-0.485975261200101,1.00220492054898,1.67447663622304,-0.0029104319219622,-0.0335242378881342,-0.616267855644886,0.63795722554211,0.0472870904625615,-0.432506237781975,-0.359006935096144,0.126499759249704,0.182907068562235,0.0285265119126338,0.175791085025239,1.06830355986623,-0.192687657432882,-0.0002688472704868,-0.916307832100619,-0.468292221167151,0.0635774274429771,-0.176805830148852,-0.414615924892399,0.0509251298213277,0.382842805375951,-0.307205229520227,0.080405573358622,0.282063906838838,0.121279362996505
-0.15332508326992578,-0.7834570953088602,-1.91901646882846,0.817224044778362,0.319349885087299,-1.05856819638759,-0.0844380187797445,0.728057791000378,-0.307736792320819,1.42910345284495,-0.126205382953692,-0.886666370660423,-0.097455403924572,-0.315812296659432,-1.70789216825857,1.11835961123803,1.69833820772642,-0.511337746606542,1.05920812582122,-2.05230591555063,-2.11812381921102,-0.214092406819581,0.119845645654658,0.185882922394821,0.138513749908294,-0.958700248167363,-0.588130967817801,0.89967453363371,0.200760322285213,0.0343106913129986
0.3540320547408008,1.4651922322509234,1.64638097230161,-0.716096128477718,-1.37923129927977,1.00827082581363,-0.32103094015424,-0.433997778732284,-0.0753319460082559,-0.114575365741234,1.23844665389074,-0.715366155464078,-0.648259118791003,0.525936649090739,-0.0056792168672501,-1.68803249160825,-1.12433625794176,-0.383368044792069,1.30176432598561,-0.0294220000218239,-0.219562668866057,0.171589618903241,0.265009468149602,0.833387981418111,-0.14589024836431,1.11088138255542,0.138361930099846,0.781611487983688,-0.0542811484878359,0.0015503370676231
0.046579226426972,-0.4992382987281515,1.00344706607017,0.273487092809603,0.591235466231623,2.56723813329733,-0.314669039029956,-0.505645322170397,0.234492078616896,-0.126491469295572,-0.702303929002471,0.650260103392687,-0.57500559815993,-0.217074004207633,-0.170854401820781,0.346362861931193,0.579729096259185,0.743018997854864,-0.628130699560198,-0.252118384766489,-1.03310530184808,0.0299604922632799,-0.0175518438435701,-0.325108528456363,-0.0595333142831892,0.363889585088645,0.379179216155873,-0.0834585788846487,-0.0285476702238801,0.0408338699516178
0.40960545283653843,-1.2366867877447048,-1.00967745341539,0.357106914419494,1.65132976855158,1.44269121197873,0.0064790531930893,0.330947865793406,1.19616570732679,-0.0077993507288226,-0.766704958513421,-0.592356803971387,-0.430518831440894,0.567140161212576,0.817257116499055,-0.121774475543937,0.231480731228401,-1.23077127063872,0.61935358218464,-0.712310537502274,0.777234200406922,0.556409531202046,0.095637777243758,0.150182619952197,0.136288907137327,0.106681281117966,0.567723236895915,-0.140873880634534,0.0406175759451931,0.0929069993062692
-0.35322939296682354,1.58008426412055,-1.85539470322376,1.71133576294865,1.76538972608584,4.41991133619943,1.05690923235256,1.36806678152947,-2.29135023216254,-2.18323058806803,-1.78820381853454,1.20731810099159,-1.5028815298953,0.0069534207544358,1.03986759591241,0.0807062738657812,0.720112632295467,0.233067889198444,0.203827666977501,0.50235343334993,1.05027001790709,0.772637431331062,-1.01342394691647,0.937004636292542,-1.67780853313794,0.584632932206239,-0.119870137602986,0.508190955198449,-0.559821972702055,-0.0254984266631626
-0.3492313067728856,0.4596763741543952,-0.0562982153592352,1.30918150260615,-0.51880135403404,1.20185855930881,0.92966504169207,-0.183254363850674,-0.984164655482176,-3.6481220176135,-1.03381238164387,-0.256513912075085,0.841222411981803,1.56631626684541,0.120627069159023,1.17287309703417,-1.04715364078829,-0.798209284326401,0.127636006476466,-0.134610149655275,0.603302072359882,0.382016443737753,-0.362571157455338,0.604612004922945,-0.868748744984342,0.0777131172842054,0.742722235808071,-0.33316720135703,0.226256581265576,0.309727997868128
-0.23008833819353453,0.6125569004325271,-0.529236538536002,0.749251733869453,0.89220679223699,-0.156218963886504,-0.0556128849506194,-0.496360586414176,0.403832102235308,0.056377667782431,0.0148680475982275,-0.479197513875435,-0.972484488174713,0.745271496703553,1.43171218517702,-0.273301539195604,0.140857154895875,0.190546686158277,-0.544835995923546,-0.311395091673396,0.271321919370425,-0.0585138437186648,-0.104193955109715,-0.1528420249058,0.26289502229422,-0.0965530954293837,-1.24937257680246,-0.156133197763049,-0.1788759417511,-0.0652450191102332
-0.3492313067728856,1.3600710769919104,2.14428475790063,-0.0554782941194185,-1.68741102243347,0.127632280146648,0.409412567501893,-0.744406900311571,0.173031846353364,-0.313376590821708,0.731969110199042,0.0181380757603172,-1.65789893297388,-0.132125091350659,0.0978572315523713,0.427263610526035,0.868538300991987,0.131109813929953,-0.889468039236305,0.336508250937692,0.137957012717869,-0.222062236725182,0.188965577227087,0.715202194851611,-0.126179811451213,-0.969861757087758,0.38726200360939,-0.0388049749386035,-0.0184978714170318,-0.0684762963226795
-0.299135286762843,-0.2890381040575851,-0.834941341596128,1.13831323204405,2.7069384772293,2.873452696348,-0.0389748009339011,0.961018760706709,0.196182568562027,0.0703050565255587,-0.555710238941212,1.00197161824968,-0.592685253474786,-0.215077759857952,0.228841671852497,-0.651604377912139,0.654150738265697,-0.718099582068402,0.455936348940792,-0.287376952306928,0.610157390970475,0.311080162952086,0.0937685158863443,0.708290499032019,-0.346930924217542,0.124320161587004,0.183550707789354,0.426383891256035,-0.0669508143994793,-0.0402054219530073
-0.321044799105623,0.8355181968833342,0.113044587420653,0.816490042359841,-0.153014081988167,-0.82559924144512,0.876135175140782,-0.524253365659415,0.997195552575575,-0.131617827042693,0.0549845431179424,-0.408319772766507,-1.89068329930208,-0.314164743917506,-0.0083496254346604,0.0902639572575513,-0.305088326175269,0.220493628963805,-0.775458402326062,-0.382837444167733,0.30796033896012,-0.0086823352358701,-0.328764196372514,-0.779280709233075,-0.0459681997994582,-1.01665772029258,-0.355579433552787,0.203266143105233,0.242992955633212,0.0866890791669908
-0.2932980809196936,-1.1886957795645585,-0.773197446537626,0.989786247303207,2.28373985912152,1.14662172199546,-0.17810595025614,-0.192995553769576,0.338672763231226,0.218514184105199,-0.504459643118038,-0.101504505158494,-0.0169984994295361,-0.401591098129994,-0.82386022135049,0.36930258328158,1.85186443484898,-0.444757241558059,0.302944121217058,-0.359928686329514,0.266879341329113,0.189200191922449,-0.12789723605284,-0.331659193520752,-0.0296815031945097,0.344659956394133,0.0074038199844064,-0.396688356015062,0.350558200962997,0.154746225379437
2.02563189242626,1.3978279342393884,1.00325089891344,-2.50010222109078,-1.79864799778558,-0.0433379476291322,-1.19165826573331,-0.804327327220338,0.432077670277138,-0.431643195109838,-0.977984376376916,0.86378014802444,0.921754640007739,0.751553861637286,0.659887059034397,0.520169689076223,-0.155930581728678,-1.19876612170462,-0.447734331001972,1.64646643256139,-0.951269063411015,0.61754782869303,0.280723572282423,0.0421265512612254,-0.39420743179944,0.14913048356398,-0.317706192483793,0.706263785900297,-0.173891040054462,0.0297258018065226
-0.2892600138638163,0.9372069105743946,-0.26141927736592,0.700683770989232,-1.23644754187104,-1.61906968919413,3.28674296577351,3.2908263057015,0.544745371861014,0.869045256476555,-0.507553681247076,-1.14306895568203,0.0780440493619508,-0.248120427704144,-0.45046384759251,-0.659446634343108,0.150698100261376,0.139812775062914,0.392515431271962,-0.314558545602466,-0.232975147441351,-0.005976076966372,-0.240009214918559,-0.793097912576362,0.0454488393307359,0.603605262121113,-0.556618882882144,0.152131703345602,0.125139266603015,0.185967411396172
0.35619102128552727,-0.35977166986588327,0.827008700754161,-1.02529403168549,1.03301964543305,0.330542987469258,-1.51256877040603,-0.145188597197416,-0.607728909154399,0.212276660585257,1.09263064675451,-0.327093986741994,0.88574720986517,0.70415628908312,-1.30865144784981,-0.0710052128116746,-0.866035566694379,0.095018508239777,0.0410906045295577,-0.0293419201990351,0.632582636505124,0.194421999810092,-0.0801895026703535,-0.449598123516193,-0.0413461975454201,0.598441524225745,-0.0232747961692208,0.89805343357188,-0.0769954945969722,0.0331549682955603
-0.3452332205789477,1.2376192505032966,-0.657571192688806,-0.328843570724419,0.618178662104104,-3.16993395450216,1.41011766067877,4.44455391959265,-1.22144924886047,1.39479182436673,0.31091073017693,0.0283582752163025,-0.795582585812794,-0.506045167799904,-0.241784402963231,-1.24557260001765,-1.33925892385222,0.968194670936544,0.123954746116199,-1.35555882165429,-0.0246731849051109,0.291090974932221,0.130265174796164,0.649391393484967,-0.139280022127806,0.724369670055434,-0.183617309141512,-0.263112527012767,0.555453193945467,0.271781208540497
-0.29005963110260385,0.4488947172047529,2.37063291331308,-1.08755367790657,-1.67249535205787,-1.75592830627378,-0.569632228753341,-0.91885342811256,-0.584131150378524,-0.370791227769832,-1.73854126122964,1.66365030886041,-1.03840828523759,-0.976493628454593,0.507711136213574,-0.0254222297701132,0.14904528352842,-0.537034644690618,0.324399838579084,-0.295680473368028,0.0332566728335846,-0.403108719883005,-0.336616558014455,-0.591135561834945,0.293004258748052,0.427329047843174,-0.117376293629816,-0.330261742285395,-0.027852824956065,-0.0530245361778651
0.14517203196948197,-0.1924243499853993,0.943523679824126,-0.813234503089952,0.971536272376761,0.2997441249095,-1.17501824918242,0.112899590124563,-0.613198354610969,0.193874129521774,1.27111869948821,-0.534132113476592,-0.664359048653208,0.374325098693472,-0.572788915218667,-0.391729884849955,0.0238321835477323,-0.371759711633086,0.457875171604994,-0.997224947838935,0.0738282184363804,0.0920019034948198,-0.142201671417161,-0.404455772924334,0.014260078322217,0.151873944364198,0.0023411628035369,0.961290778452127,-0.0427727221964879,0.0300541238640112
-0.30925044483350606,-0.44621444677659006,1.34844003820679,-0.763618519913977,0.648112012728864,-0.989284069615419,-0.853968595117235,0.534124864800902,-1.2137014910413,0.264541228787614,-0.626870783037291,0.73041147258502,0.887615354988438,-0.0534200118945137,0.502477477434181,-0.303095113085962,0.709027773861591,1.61632341675504,-0.224998177886536,-0.556858184475015,0.464716639278198,0.103940499456491,0.407651127248546,1.14539479174295,-0.188792138114232,-0.761193955990375,0.439733864159358,0.0140335252944219,0.0503455845599622,0.0039985470617381
-0.13321470971441784,-1.2534910108810613,1.05176102173367,-0.374105136955914,0.865939350373842,1.50636655658012,-0.542050714231887,0.919988558972034,-0.562485220934963,0.371269768994767,1.1495907866656,-0.203169274607652,-0.483512842001571,0.955398182529216,-0.856728803517564,-0.478783720118309,-2.51659769240734,-0.379604626875777,-0.0146935421160123,-0.0483707287095945,1.12406228828007,-0.0928970072640236,-0.426590328587318,-0.951445598196995,-0.0912011948090796,-0.518479372241243,0.539299973202578,-0.507453541199514,0.0572008722342464,0.0197547152854586
-0.08063987626413371,-0.9387171669684561,-18.5367822517629,-18.6619042390183,-1.0325439037107,6.51872590297703,9.90048571612043,-5.74889034294833,0.0764918197701539,-2.35159839314249,1.05867066799507,3.02319768418828,1.85185345759136,0.0064345064927833,1.33855163271001,-1.66999177391174,1.22076617291172,2.71938164113134,-2.46859325501731,-0.48566317685691,1.98522300004558,-14.4615137636211,-5.28488006032965,2.67005993509114,12.557883417629,0.343396842012856,4.88120747264636,1.06516040430747,5.86584355796176,-3.61866175373412
-0.15336506413186515,1.1007216883360604,2.0159725904932,0.139956536978637,-2.06033255936243,0.415949814786115,0.554447547419889,-1.10736975900529,0.393840668839445,-0.420535262011746,0.480511020836928,-0.56339650556804,-0.768679213499906,0.339247245872217,1.10012040081728,-1.05844397960179,0.857152954842783,0.397428053545953,0.170737192821327,0.659709935762465,-0.20902602810901,-0.0235128597237456,0.183946284599398,0.654573514227508,-0.160273787899022,-0.698105050236426,0.361639841632603,-0.0688031939262207,-0.0044020618609124,-0.0256396208099233
-0.32528277047119725,0.9504102287529606,0.0374669856183302,0.891505736139064,0.302220525750056,-0.58520408157092,0.435168214044304,-1.11326737377837,1.05884605897377,-0.237203057375793,-0.120643751029695,-0.428687148608179,-0.835185586100005,0.40017429510884,0.499279557214046,0.0157317012512172,-0.457445705500717,-0.118035488290933,-0.433648005261595,-0.809939528155721,-0.0915248325994795,0.0008187971078308,-0.25204013552202,-0.529875225018587,0.0739439412703133,0.0523544470899203,-0.472285979678946,0.135973497571166,0.249048465054757,0.0988434030583216
-0.3078910955275671,-1.6080853885666622,0.925259241442749,0.556314642023824,0.667762766923275,2.92352196767101,0.569804938147679,1.50918798047236,-0.402722661601671,0.496033359884121,0.947899773216228,-0.504963317016508,1.62600999450932,-2.16317484027894,1.15284522207669,0.35128667534769,-0.16648675433535,-0.735368433506639,2.71698064585662,-1.92868528998124,-2.63259061106309,-0.327605970920934,-0.360577035525621,-0.545223813850628,0.243631317635936,-0.832777236046473,-0.0144128610025204,-0.109348205334767,0.0655354456908473,0.0347282141162758
-0.2772657552820024,-0.21727269998652818,-1.43772195033265,0.255250186149611,2.03980534475149,-0.56819334824531,1.42126337681518,-0.164069017619373,0.340685968732664,0.186510728303106,-0.427364258761589,-1.08102322395864,-1.04909645711059,0.521729426462368,1.51524004447365,-0.380420821101093,0.216105248658546,0.848423326091683,-1.30181067984895,-0.164092069204323,-2.17511392734272,0.0584761381604702,0.223548399008911,0.415560060992047,-0.336818901212184,-0.753362936523125,0.78115675865981,-0.456685164544277,0.0240837730176846,0.0696531352323256
-0.34475345023567505,0.34225739143719647,-0.621899654147268,0.893245088204793,2.53120461599326,-0.0282816801244096,-0.172397104517602,-0.596289244891344,0.504933755759186,-0.309303705304865,1.64443616870767,-1.009164273272,0.543516756542584,-2.78332708859858,0.995185468714379,1.35612673619229,0.641452262473564,-0.382335374834916,0.47779874468971,0.445350195838081,0.390342848849673,-0.0235548295662754,-0.276142933474419,-0.405064044496501,-0.257930959351162,0.340638804794287,0.172325200858418,-0.766874657066313,-0.213931737048439,-0.146399701631059
1.5545773770564901,1.4241503389016013,-4.03913673135689,-2.42195127767046,-2.75939857895879,-0.754155153990141,2.73375682764141,3.33525845614553,0.925741633906555,0.402391651006716,0.465498909715097,-1.3156760831756,0.260879328951156,0.0002439451619958,-0.202444813377797,-1.51240619555385,0.369217362461591,0.432723658475964,0.982456537865715,-0.0916437743273906,0.0047299659762056,-1.7362707003911,-0.746986514939311,-0.82163947748687,-2.48993286347958,0.859816119658771,-0.401219093075147,-0.121557228872284,0.736926372467109,-1.4453782350507
-0.34727224453785605,-1.293564239738814,-1.04885502567836,1.82757343292149,1.77441365927326,2.57130104172308,-0.107658618905118,-0.0223530841598479,0.458378908348855,0.185924383227973,-1.17766045997065,1.8444211726515,1.44834968056057,0.213452227831649,-0.187220473407778,0.276101296947639,0.644502852789231,0.0794093863269156,-0.241528079416922,0.300833595161629,1.00895599649796,0.550774980453955,-0.25361734181145,-0.350654560693651,0.0158533593036964,0.478064414841604,-0.401689730893295,-0.11503446389276,0.128956682027469,-0.182450314101947
0.4952444591106894,-1.5036170289432722,0.805426687035768,0.234125939016819,0.172944912862317,2.93337888067037,-0.0572980812010369,-0.904032252940639,0.783766854506813,-0.460552533872024,0.127881801700766,0.258018952022376,0.772747642049176,-2.31641688480133,1.9473390885722,1.94876651037256,-0.569551708855887,0.214469201864302,0.359995584650761,-0.337054057381945,-1.28288074679042,0.229295079819216,-0.0130841226098284,-0.268880215575125,-0.241263771963108,0.670103674265703,0.598605309417082,-0.013594553777387,-0.10311962065544,0.0441309042386804
-0.3286411628741051,1.1488601019823153,1.98567841580805,-0.198332951797559,-1.04174193663196,1.30976111489354,0.295421781919257,0.435965683688106,-0.16509303524345,0.106552646866316,0.974412048096608,0.175576007051653,-0.724600848223433,0.931994075471079,-0.500400604316764,-0.0479306467276968,-2.35061439381267,-0.337387882737375,-0.437608188742876,-0.0376561015568335,0.972311972383905,-0.286669692880679,-0.357475982746974,-0.669934586292781,0.100341793322317,-1.07780214730268,0.154978454521077,-0.774424795917286,0.032323643934688,-0.0646089493891112
-0.3132885118893834,-1.284130289907877,-1.28280486072189,0.14758818423198,2.82044725371674,0.364105369217242,0.300082050739794,-0.519690947385532,-0.0843896663510703,0.192375050383883,0.129549183291432,-0.957966878814965,-0.869839265852605,0.646832712013276,0.761831486384352,-0.649091702295334,-0.473152881701244,0.171201252044529,-0.499895869862888,-0.0534293203519744,-0.703931601939391,0.10491896155997,0.0517390483101184,0.100254337681605,-0.189806537654165,0.405496695673566,0.484825982959614,-0.496175604839187,0.0700761985568699,0.0939667111852666
-0.0973518765547944,-0.4572698567347194,1.40380668917021,-1.18212817254696,0.653504519537814,-1.29141327014449,-1.80618985953701,-0.90805480385685,-1.04156472541309,-0.16257538278751,-1.67552811579206,1.40406487435307,-0.505558586577669,-1.08734559661961,0.0758281996467873,-0.276907876375849,0.811952902966947,-0.160109393395608,0.453406987986811,-0.0167450119517752,-0.252566106889721,-0.249788174131938,-0.343428176850169,-0.775540128875564,0.140581813897736,0.329816122909445,0.0971701579030903,-0.414268456397743,0.0303860869563933,0.037756670990632
0.13173846235785044,-0.886577747813545,0.903864137941744,-0.211404548228323,0.296409284017221,1.36898748175451,-0.208943919791988,0.184445051367102,0.107387278965187,0.109210923271421,0.0349707830370283,-0.0051505060359166,1.14224132779946,1.16271293192657,-0.306585515888741,0.309920691048608,-0.767772318448586,-0.505759355975503,0.0215145936168138,-0.445079799304069,-0.11240859874084,0.0437230544933994,0.0168284753033894,-0.0131726650942874,-0.172933006484137,0.0414362755739023,0.588269100209684,-0.341760954946174,0.0139938369820005,0.0252539078654258
-0.3501908474594307,1.1199475727013406,2.1303571414553,0.67259143694771,-3.32701458321859,0.650511974146648,1.36611914241795,-1.48796598010929,0.800159853887218,-0.451131284610407,0.0883615057971789,-1.03705256992766,-0.279793846987977,-0.573601276578782,-0.457448002644945,-2.37989702904933,0.0533908844353706,0.429057651072213,2.08440379688061,0.683407833518194,-0.187146825490012,-0.1353488854089,-0.092992872340283,-0.0730669163409107,-0.0762871093021649,0.29583604246067,0.432080238141275,0.698497231200782,-0.0838665699316663,-0.0164940137078535
-0.33527798595604213,0.06090247248373649,2.06943772169678,-0.06004269985528,-1.01879856228089,0.602314448346207,-0.13564220008939,-1.11765363800751,-0.0105757906143118,-0.320607296403814,2.0660519487008,-0.253744474624971,-0.184258533524126,-2.92392976951214,0.212712539539255,2.00382721254971,-0.519831600871873,-0.0198902243769992,0.477408681830305,-0.361395183681548,0.0078893746402552,-0.354633255999692,-0.465283547854133,-1.03819694976751,0.349586845569237,-0.212806960981758,-0.354148984245667,0.171282861583701,-0.108088442820886,-0.0706360773503463
-0.3424745411051305,0.3806881022440271,-1.90681759147256,2.4780371505064,-1.86893941222299,-0.392239277605555,-0.859352006198821,-1.44695924282429,-0.433667698137972,1.48281373616704,-0.0657354524544237,-0.246594267050149,-1.4670471746799,0.452458186918378,-0.114511951911568,1.55347236850964,0.427922038913606,-0.0639706317894229,0.251530926784802,0.21732260042575,-0.141243572702592,-0.10709801330335,0.450871614063176,1.22769839014278,0.128238079664127,0.0014871565360387,-0.567462595668715,-0.192350516395792,0.325971957309906,0.251821659172252
0.2501217945603533,1.0586479567239795,2.01214406299704,-1.95225420219294,-1.01336575267006,-1.55031808321567,-1.49014338377976,-0.360038125784162,-1.1737170609683,-0.03987829889434,-1.15465435588613,1.703679849328,0.0544501231211641,-0.865891342025443,-0.741231339645143,-0.059995850467675,-0.644662396336227,-0.0946721689475486,0.121466705972992,0.772942380769983,0.245855158438951,-0.216192608364125,-0.0696827600585665,-0.0658494582520948,0.078437182701905,-0.538422236667977,-0.309929825276593,-0.178338533370716,-0.0165799919226239,-0.040396587754146
0.28646439806324936,0.7210894393357627,1.82534372038568,-1.20867812614447,-1.51272992143076,-0.346053211750791,-0.527964525449937,-0.349007641895748,-0.298474486099401,-0.0960704699735285,-0.433930970538927,0.900108824420507,0.544008276624803,0.175213874914004,-0.726257272242422,0.628781700882192,-0.122448329635309,-1.57608410653789,-0.321590839635233,1.93347745205384,-0.79666454418278,-0.36361601176367,0.0850566222358737,0.462505196284969,-0.0627881299305675,0.694535314356383,0.0986605887409557,-0.0821976104244109,-0.0280558367931934,-0.0322552839525855
0.40432797906054024,-1.2677893410935754,0.825953794830124,0.0782179156165509,-0.076807010989439,2.52575655670584,0.039206700770251,-0.464882503119883,0.683489362891776,-0.161671734254916,-1.27357172608122,0.831413730194803,1.0968122134261,0.355344524585441,-0.5029723747164,0.840939725375078,-0.425884117621683,0.569503332537725,-0.698634602614173,0.083071828952594,-0.653796456463514,0.198048821289684,0.144780620597843,-0.0824931978343868,-0.276687630687914,0.326327126034344,0.617437436774154,0.0329511183155476,-0.0814334723596949,0.0314017901240827
-0.23828441489110733,0.6216118076363283,2.01175423348906,-0.314401394127001,-1.2146111982996,0.57588863952232,-0.231241735719577,-1.00771756716007,0.0876012473750275,-0.290503152825997,0.906690950399795,0.0402940618604804,-1.23960289520472,0.114060982385066,-0.594768582741175,0.156099394390565,-0.605926864339183,-0.483305239760312,-0.0288132448167526,-0.470378934589908,0.147592130895512,-0.218725527127388,0.131300538353077,0.619824116240171,-0.0215774512018129,0.0551838847835062,0.187350979346313,0.726510464339479,-0.0760494874872425,-0.0692190899747932
-0.21557528530953976,-0.4557326283024462,1.11859574042674,-0.450322072136349,1.09419952584918,0.216407285850923,-0.993798843241358,0.105016618981715,-0.662817241682181,0.158581751911541,1.12526658104656,-0.522459584195251,-0.489410800797976,0.920237418506445,0.444574872777218,-0.617827080017494,-0.100905948330591,-0.432137623525786,0.396144208707893,-1.14250389536471,0.0956693659368595,-0.0255341949051881,-0.184992635877708,-0.272196213908009,0.0813842957453878,0.175539001114141,0.0704387667621376,0.967450848092874,-0.0189681202744193,0.0165629999275531
0.006598364487592447,-1.385503134742991,0.986461570956867,-0.0318278856179286,0.0813202588759987,1.27462625808579,-0.0350245899498599,-0.0455734686556124,0.231880888730081,0.0412547097392052,-0.178377297596435,0.0880533583519536,1.23267823947131,0.945468007426727,-0.489520784562307,0.547982219615258,-0.418907870978778,-0.448260396002169,-0.0668229146208221,-0.34119161976128,-0.223705627436086,-0.0293907713801837,0.0934859573264542,0.220434762959803,-0.203546208078051,0.0308640685721441,0.695483477036056,-0.256545526247793,0.0037999664871042,0.0146158738574141
-0.3134484353371409,1.5742722771711333,-0.60733091180151,1.20706672748518,0.441225704602639,0.59441267149052,1.52285367754679,-0.316096609138178,1.38929237432511,-0.106838360045069,-1.62051727468267,-0.130740459561811,0.886220639048782,0.0828949083264148,-0.654595227776405,1.06318011594066,0.0159657643879251,-0.718524905023444,-0.198433276292944,0.366183681076754,0.98215059365478,0.0722226469808807,0.194648101662181,0.452489536480563,-0.554659000991535,0.709128432247311,1.08597744493115,-0.22942726164579,0.0118410243498879,0.0476656918921607
-0.2565156879354644,-1.4104988902102282,1.27560177942561,-0.136469045901428,-1.16262398832919,-0.518245935791002,2.00293310627875,3.296497523731,-0.53129587345229,0.795855402547418,-0.0132365775309581,0.0024922485954923,-0.0982139624482007,0.0307833110497107,0.0398865031462284,0.396100898586873,1.19191405658916,0.574278149133955,-0.892160237710028,0.123169157229122,0.16413825852401,0.0613610145210801,-0.108273292842894,-0.482016612844779,-0.0487295338778919,1.02848742357885,0.547357320136322,0.319345553913477,-0.032820393281944,0.0114394024837212
-0.3141680908520498,0.7107078829369861,-2.19311736992881,1.97071302257198,0.848658604134963,0.712242784086285,-0.23494343818622,0.516482988369092,0.020986004136993,0.843092334026723,1.08275175064871,0.863747272300954,-1.80695352945095,-0.58084532592274,-1.82822326213325,-0.0551395130094269,-0.478200020912381,-0.777992494416506,0.544214515873096,-0.419604980915164,1.202591127181,0.561236372676039,-0.720099716146725,-1.6205269297974,-0.066987269321972,0.383644880003928,0.64483982149877,-0.770807874004637,0.748508919112783,0.408926893655164
-0.3492313067728856,-0.14807636261050322,-1.78665928513024,1.73535019747496,-0.516476755284885,-2.97743064366014,0.605019306941109,-0.752828577494238,0.806633431655149,0.426531406944481,0.487924645997642,-0.0454600235614979,-0.130848457701602,0.618969297968907,-0.0687705487142117,0.355614105886639,-1.09682373350359,0.786590130618923,-1.25587859912171,-0.0534842236056269,-0.275523115819648,0.346212747725887,-0.371479693974339,-0.922000685679754,-0.16785201177973,-1.0469452563403,0.240878700373281,0.435234746905997,0.515726502290389,0.325552868222174